COUNTY_ID,COUNTY,TOWN_ID,TOWN,NIGHT_WORK,DAY_WORK(7:00~13:00),DAY_WORK(13:00~19:00),DAY_WORK,NIGHT_WEEKEND,DAY_WEEKEND(7:00~13:00),DAY_WEEKEND(13:00~19:00),DAY_WEEKEND,MORNING_WORK,MIDDAY_WORK,AFTERNOON_WORK,EVENING_WORK,MORNING_WEEKEND,MIDDAY_WEEKEND,AFTERNOON_WEEKEND,EVENING_WEEKEND,INFO_TIME
縣市代碼,縣市名稱,鄉鎮市區代碼,鄉鎮市區名稱,平日夜間停留人數,平日上午活動人數,平日下午活動人數,平日日間活動人數,假日夜間停留人數,假日上午活動人數,假日下午活動人數,假日日間活動人數,平日早晨旅次,平日中午旅次,平日午後旅次,平日晚上旅次,假日早晨旅次,假日中午旅次,假日午後旅次,假日晚上旅次,資料時間
65000,新北市,65000010,板橋區,577007,468604,459821,461811,574620,553665,547852,552865,1370756.45,1199378.12,1217279.46,1417770.61,1181447.57,1447237.98,1452579.49,1427165.52,"109Y11M"
65000,新北市,65000020,三重區,426580,353762,336820,343466,424259,402368,379533,395318,1047368.37,873343.72,880980.15,1000009.8,887589.65,1004799.36,975547.52,939548.09,"109Y11M"
65000,新北市,65000030,中和區,470287,414013,398795,408358,466276,439917,417541,433865,1142144.94,995924.74,991048.66,1074345.45,966434.32,1062291.77,1036495.62,972990.59,"109Y11M"
65000,新北市,65000040,永和區,232342,169268,157426,161573,230134,215493,199485,210496,513518.18,415321.92,414020.3,495365.41,461549.08,526167.13,495412.61,485350.57,"109Y11M"
65000,新北市,65000050,新莊區,446481,381702,374563,377239,443620,426704,419179,426607,1093803.05,925342.9,929744.79,1077273.18,925176.4,1086124.76,1056036.59,1001453.5,"109Y11M"
65000,新北市,65000060,新店區,346150,316147,303348,309344,343603,332771,315198,328460,780546.29,694581.09,693588.67,718829.75,650811.86,746315.92,729628.39,657317.14,"109Y11M"
65000,新北市,65000070,樹林區,202270,190785,187977,189656,202721,195384,190928,195311,489739.83,420652.53,426735.44,451024.04,397929.01,447903.69,441277.45,430214.61,"109Y11M"
65000,新北市,65000080,鶯歌區,90900,81480,80218,80939,91143,87876,86757,87625,207558.07,171225.54,179422.75,188227.64,175110.32,203134.32,207767.99,192814.35,"109Y11M"
65000,新北市,65000090,三峽區,120827,105834,104205,104524,121910,123685,120884,122589,258058.78,234151.71,238437.49,244033.42,238756.25,304760.89,301355.44,253190.16,"109Y11M"
65000,新北市,65000100,淡水區,235166,200804,192902,196262,234006,227406,220763,225959,468611.45,453055.6,460827.05,450049.09,409227.35,533757.47,562575.43,471627.85,"109Y11M"
65000,新北市,65000110,汐止區,259462,234013,223014,227807,259805,247347,232960,243506,588586.26,480129.77,475233.5,526224.59,485203.33,534883.69,516922.47,471051.97,"109Y11M"
65000,新北市,65000120,瑞芳區,33298,33380,33374,33374,34345,36259,36704,35860,56586.45,62319.98,64715.77,49256.86,57645.72,90116.07,95374.24,61092.11,"109Y11M"
65000,新北市,65000130,土城區,242008,211738,205000,207403,240563,229233,218697,225948,619026.69,507068.99,514722.42,575021,518413.11,577338.38,561179.73,532459.03,"109Y11M"
65000,新北市,65000140,蘆洲區,210422,150543,142963,145716,210220,193690,182361,190832,461029.82,363415.54,366123.96,445831.58,425043.55,467603.69,446583,436861.52,"109Y11M"
65000,新北市,65000150,五股區,112579,131500,128237,130717,109709,107895,103437,106893,312190.18,269293.75,280567.65,271897.19,221087.58,251046.33,261185.71,232732.31,"109Y11M"
65000,新北市,65000160,泰山區,101023,97232,95286,96175,98966,95327,91470,94406,273883.86,236042.73,246053.9,265467.5,204326.81,239841.43,238979.54,235378.79,"109Y11M"
65000,新北市,65000170,林口區,138129,127658,126810,127409,138265,139516,143771,141132,286107.83,273126.57,276164.83,270630.54,239715.4,308481.96,309984.44,261116.77,"109Y11M"
65000,新北市,65000180,深坑區,30628,29127,27933,28657,30581,28912,28076,28824,60695.94,57122.88,55999.24,52397.97,51217.66,61684.93,63213.94,51022.48,"109Y11M"
65000,新北市,65000190,石碇區,6719,7084,7040,6973,6984,8816,9356,8749,20558.41,26989.57,26370.66,22270.14,32238.45,42521.06,45916,38472.39,"109Y11M"
65000,新北市,65000200,坪林區,3071,3707,3698,3635,3786,5788,6234,5777,13534.88,18995.16,20640.25,17210.58,22234.57,31291.11,33931.2,28502.84,"109Y11M"
65000,新北市,65000210,三芝區,21841,18875,18717,18639,21534,20638,20673,20507,31984.16,32812.82,32779.48,27818.28,31436.41,43331.02,43626.92,31059.73,"109Y11M"
65000,新北市,65000220,石門區,5102,5620,5531,5601,5172,5757,5900,5643,8107.19,10294.14,11030.19,6487.64,8290.13,16703.47,19568.91,9496.23,"109Y11M"
65000,新北市,65000230,八里區,47451,48517,47251,47821,47345,47979,46819,47437,105559.31,99663.65,105821.11,92549.96,86148.55,118936.81,137913.41,100045.49,"109Y11M"
65000,新北市,65000240,平溪區,2439,2633,2666,2604,2828,4067,4447,4022,3705.67,5783.48,5943.02,3061.05,5267.21,12517.56,13428.14,5573.23,"109Y11M"
65000,新北市,65000250,雙溪區,4538,4741,4631,4660,5162,6157,6482,6243,6829.37,7772.16,7717.28,5768.58,8622.31,13214.38,13504.75,8860.25,"109Y11M"
65000,新北市,65000260,貢寮區,6502,7079,6999,7022,7553,9801,9671,9330,11007.03,15825.27,15079.86,8925.23,15539.41,30327.41,30397.38,15856.29,"109Y11M"
65000,新北市,65000270,金山區,15678,15714,15535,15509,17104,19647,20098,19171,25439.61,31966.18,32292.06,22814.81,28516.66,51838.25,54055.61,30540.66,"109Y11M"
65000,新北市,65000280,萬里區,12752,13460,13227,13256,13950,15561,15670,15017,22704.77,28568.71,29142.71,19513.19,25108.9,49230.37,53013.56,28411.33,"109Y11M"
65000,新北市,65000290,烏來區,3229,3936,4048,3876,3834,5837,6222,5384,4868.58,8118.39,8000.62,4617.71,6414.05,14859.23,15543.34,8010.01,"109Y11M"
63000,臺北市,63000010,松山區,201847,278577,294479,288682,198307,207148,218976,211526,521066.66,703588.87,688431.01,634827.78,361013.08,511214.65,515887.31,464836.35,"109Y11M"
63000,臺北市,63000020,信義區,236301,312330,338883,328477,234946,244931,301650,266716,549680.14,699285.47,703489.59,668899.81,410262.42,638423.7,701300.63,597514.4,"109Y11M"
63000,臺北市,63000030,大安區,334939,448353,496305,476810,327922,356418,394107,371353,841288.88,1180592.25,1193389.78,1124240.4,596488.2,996480.53,1038302.46,891852.58,"109Y11M"
63000,臺北市,63000040,中山區,314134,453504,484182,471923,308580,331447,359996,340438,882921.14,1227946.97,1219019.04,1120933.64,616316.14,962611.85,991624.89,855812.84,"109Y11M"
63000,臺北市,63000050,中正區,183571,318569,345815,333549,178225,223195,267469,237208,657854.5,902223.4,895413.81,861093.63,419579.2,801455.08,851999.89,703209.61,"109Y11M"
63000,臺北市,63000060,大同區,125418,143388,149558,146631,125027,130048,143113,134317,400459.23,447197.46,460690.17,470477.6,284903.89,452753.33,492620.61,431231.93,"109Y11M"
63000,臺北市,63000070,萬華區,183951,161837,162279,160601,186390,183850,185284,183265,482640.39,463662.07,490861.04,529077.34,424306.76,560541.22,607057.01,560228.11,"109Y11M"
63000,臺北市,63000080,文山區,260906,221079,210668,215166,256102,252317,240318,249444,535979.1,461829.39,458132.66,484333.34,454376.23,544622.79,512993.29,446438.7,"109Y11M"
63000,臺北市,63000090,南港區,123953,168901,170643,170328,122662,135421,149331,141019,335857.03,353446.44,347861.3,342036.21,239274.99,317771.44,323709.46,274099.54,"109Y11M"
63000,臺北市,63000100,內湖區,294476,385468,388762,390671,286916,292090,286475,292574,697747.58,781412.78,754385.72,721408.5,502062.5,628229.13,610269.61,523692.17,"109Y11M"
63000,臺北市,63000110,士林區,286684,283476,280044,281141,283098,286366,285187,286371,669196.93,670775.71,688329.13,661448.7,534595.29,719896.18,726237.04,636598.56,"109Y11M"
63000,臺北市,63000120,北投區,243777,249467,242226,244263,239494,243647,235543,239692,534436.23,540547.56,532752.46,499448.25,437599.62,564035.14,548401.9,455205.34,"109Y11M"
68000,桃園市,68000010,桃園區,443150,401364,403195,401918,447526,440559,440225,442199,975584.11,936458.1,958419.34,1018892.55,854713.41,1075423.17,1078825.09,990814.61,"109Y11M"
68000,桃園市,68000020,中壢區,468601,450257,454518,451317,468876,469583,490444,474835,1022260.83,1025793.97,1047029.78,1090579.96,879879.24,1158826.39,1192282.39,1102812.77,"109Y11M"
68000,桃園市,68000030,大溪區,89265,82238,82166,81939,91840,91237,93323,91201,190073.2,176870.76,186668.93,173807.05,178478,257834.99,277379.54,211307.21,"109Y11M"
68000,桃園市,68000040,楊梅區,181003,179617,177855,179200,181317,180029,177513,179862,377626.2,330755.21,342821.18,333692.2,320569.81,364456.41,368409.79,327624.94,"109Y11M"
68000,桃園市,68000050,蘆竹區,262574,278499,277114,274994,199968,199107,199704,199396,471499.94,446325.78,454313.53,452915.82,373538.05,454463.71,463861.53,412904.15,"109Y11M"
68000,桃園市,68000060,大園區,125738,153151,158623,159865,121831,132083,138154,137933,259620.28,253518.59,265439.21,225976.75,203438.78,250794.79,270636.03,214348.51,"109Y11M"
68000,桃園市,68000070,龜山區,259439,315950,311267,313829,246122,249477,242195,247414,632987.93,615649.88,610995.12,564611.42,450704.88,516299.61,510651.82,463861.57,"109Y11M"
68000,桃園市,68000080,八德區,199330,175644,174803,175218,200933,191971,191512,192913,425749.19,365606.48,375910.55,404978.41,360551.01,422893.19,420089.31,395916.69,"109Y11M"
68000,桃園市,68000090,龍潭區,130786,139799,138189,138984,130755,133724,133926,133390,260770.6,252951.49,254291.51,228705.29,226551.82,292809.47,293579.23,255318.47,"109Y11M"
68000,桃園市,68000100,平鎮區,225189,202060,199263,200448,225231,215780,210499,214451,485127.31,412198.01,426919.23,452305.9,411198.26,458979.63,461635.02,433509.62,"109Y11M"
68000,桃園市,68000110,新屋區,52784,54826,54511,54690,53746,55759,56423,55912,99520.92,95759.22,96976.75,84400.69,87738.45,109092.55,113091.58,87746.78,"109Y11M"
68000,桃園市,68000120,觀音區,81982,97650,95668,96689,81389,84893,82625,84045,167085.46,155152.29,155771.63,129904.21,130880.18,139557.32,140448.5,114432.04,"109Y11M"
68000,桃園市,68000130,復興區,6855,7763,7687,7763,9511,13550,13132,13149,10709.62,14466.05,14148.37,8174.72,16701.17,31479.56,29840.54,13448.34,"109Y11M"
66000,臺中市,66000010,中區,19009,21887,23711,22578,20498,22347,25530,22872,57423.51,77803.84,80122.38,75824.52,60249.5,109638.77,116809.51,97285.2,"109Y11M"
66000,臺中市,66000020,東區,81226,76757,75410,75833,81823,85360,85909,84697,196414.15,184680.94,189863.3,206267.72,182332.93,234962.03,236747.55,220746.64,"109Y11M"
66000,臺中市,66000030,南區,151530,136222,133158,134292,147685,143053,136538,141618,303741.85,279728.06,282217.33,316935.49,254292.79,297508.81,293489.22,286107.51,"109Y11M"
66000,臺中市,66000040,西區,133233,151193,157865,155399,130641,131778,139848,135049,294583.9,369484.02,371355.56,356275.81,243246.23,375638.33,394331.17,344704.73,"109Y11M"
66000,臺中市,66000050,北區,193464,196233,200128,198527,190248,194863,202097,196526,415990.57,475001.82,484018.99,488547.36,361667.58,514736.36,535916.36,480598.54,"109Y11M"
66000,臺中市,66000060,西屯區,349055,412924,422489,418835,335409,338557,350657,343107,814599.67,885859.66,902772.95,894326.03,634526.14,836673.2,876907.93,829646.31,"109Y11M"
66000,臺中市,66000070,南屯區,202124,219890,222323,221575,198828,204275,208360,205568,454271.13,487248.61,494826.99,503944.39,362981.05,500126.01,507134.61,462756.31,"109Y11M"
66000,臺中市,66000080,北屯區,294667,256613,250342,253377,297223,292777,288201,290829,609859.07,574157.34,590768.41,634196.57,559159.18,696541.84,702371.26,637937.79,"109Y11M"
66000,臺中市,66000090,豐原區,146189,134123,133388,133984,147625,146518,144765,146542,303893.11,288763.04,291393.17,305314.05,279703.7,345073.39,343884.76,312132.42,"109Y11M"
66000,臺中市,66000100,東勢區,36554,32255,32317,32290,39307,39915,39826,39855,63796.22,58982.96,61479.37,57032.19,66972.35,82861.03,82694.84,63405.54,"109Y11M"
66000,臺中市,66000110,大甲區,70767,78200,77942,77940,72278,73740,72150,72832,148900.71,146779.12,148391.56,136695.7,138909.35,170323.36,174562.09,144120.28,"109Y11M"
66000,臺中市,66000120,清水區,79074,71135,70331,70796,79961,78671,77441,78637,144355.79,132218.64,138608.31,131020.69,141269.62,163570.54,179633.02,147194.27,"109Y11M"
66000,臺中市,66000130,沙鹿區,112834,102105,100877,101765,107342,102025,98366,101455,232925.01,222704.86,226540.52,236483.67,199201.25,237235.26,235677.46,223533.6,"109Y11M"
66000,臺中市,66000140,梧棲區,65644,75594,74767,75369,63685,64275,64137,64301,133591.62,132172.14,133956.47,121105.31,109492.92,127301.22,132481.97,112949.02,"109Y11M"
66000,臺中市,66000150,后里區,56870,67298,67072,67228,55406,58320,60880,59235,145881.58,147611.02,148162,132212.53,133662.73,168719.56,183862.72,149461.9,"109Y11M"
66000,臺中市,66000160,神岡區,68693,75663,74789,75173,66966,63653,62138,63523,168384.76,152107.2,157449.98,148186.56,129966.21,139809.44,154017.7,140340.27,"109Y11M"
66000,臺中市,66000170,潭子區,112942,116992,114705,115902,113350,113243,107964,112078,264293.03,230029.75,237456.86,241850.14,221352.9,235040.56,237395.99,219778.91,"109Y11M"
66000,臺中市,66000180,大雅區,107351,116252,116384,116641,103995,98996,96637,98892,253594.01,226502.14,230268.7,235885.23,195180.69,203844.39,208314.47,206414.99,"109Y11M"
66000,臺中市,66000190,新社區,22407,22978,22489,22560,22432,25353,25222,24678,40468.64,49816.16,48612.73,33575.84,43052.38,81076.83,79378.81,38082.59,"109Y11M"
66000,臺中市,66000200,石岡區,11220,9795,9609,9697,12052,12617,12474,12510,23762.93,21709.01,22669.17,20358.83,23990.23,36846.79,39106.23,24342.33,"109Y11M"
66000,臺中市,66000210,外埔區,26969,22887,22605,22752,27648,25736,25295,25692,53071.66,46433.16,48392.1,47052.92,55256.9,59464.68,67049.21,59252.29,"109Y11M"
66000,臺中市,66000220,大安區,14584,12618,12696,12661,14973,14592,14689,14718,23015.32,20581.51,20719.01,19229.84,22481.69,24661.43,25714.45,20992.14,"109Y11M"
66000,臺中市,66000230,烏日區,92898,103156,102146,102761,90152,90705,89143,90332,231358.92,216979.74,226329.99,219547.27,188296.15,217362.41,229950.22,217647.02,"109Y11M"
66000,臺中市,66000240,大肚區,52840,45615,44950,45261,53330,50591,48493,50127,102826.66,86295.65,88122.73,89846.95,98012.23,99197.66,100786.56,95773.17,"109Y11M"
66000,臺中市,66000250,龍井區,89218,78735,76305,77790,88029,83424,80107,82941,185326.3,152704.55,157673.95,166517.38,159120.56,168607.59,175908.62,164676.75,"109Y11M"
66000,臺中市,66000260,霧峰區,81867,89972,89907,90023,78930,78683,77657,78490,184454.09,184038.64,186779.55,174866.39,147346.81,179654.24,180953.83,169650.39,"109Y11M"
66000,臺中市,66000270,太平區,191780,168567,164998,167068,191518,182069,175235,180904,410085.51,356181.18,360111.59,387659.14,358191.06,377040.21,373997.48,357145.93,"109Y11M"
66000,臺中市,66000280,大里區,202540,183927,180985,182106,200622,188289,182899,187144,479710.06,410899.62,424060.64,471580.98,394591.58,439385.01,437051.39,426534.83,"109Y11M"
66000,臺中市,66000290,和平區,16421,17796,17921,17603,20908,30445,29393,28798,23470.55,30516.67,28822.73,18239.4,34625.53,58334.76,50534.02,26299.91,"109Y11M"
67000,臺南市,67000010,新營區,67253,69997,69938,70101,68412,68879,68236,68748,140938.28,144055.62,148290.49,139805.7,130331.14,162444.91,164476.62,147163.47,"109Y11M"
67000,臺南市,67000020,鹽水區,19690,18702,18577,18630,20512,21033,21072,20932,36983.24,34685.9,35350.99,33134.89,37342.8,44002.26,44539.65,34700.75,"109Y11M"
67000,臺南市,67000030,白河區,22117,22094,21813,21783,23742,25951,26211,25339,37983.74,40595.77,42220.46,33091.88,43429.76,60804.71,61877.32,46051.99,"109Y11M"
67000,臺南市,67000040,柳營區,20929,25538,25020,25114,20818,22390,22369,22174,44962.91,47461.58,50543.4,37792.72,39578.29,50102.16,54507.78,44689.46,"109Y11M"
67000,臺南市,67000050,後壁區,24538,24554,24552,24424,25528,26306,26567,26278,44713.61,45815.27,48966.76,40287.25,48198.65,57048.17,64228.8,52349.64,"109Y11M"
67000,臺南市,67000060,東山區,12960,11727,12019,11789,13858,15200,15378,14939,21174.64,22056.89,23521.04,18401.26,27815.37,35480.76,37991.88,26286.72,"109Y11M"
67000,臺南市,67000070,麻豆區,39434,39572,39510,39334,40531,41480,41291,41267,82776.22,82317.55,86052.47,78399.43,81134.46,101326.93,105676.49,89692.98,"109Y11M"
67000,臺南市,67000080,下營區,15750,12333,12625,12502,16747,16322,16724,16410,28510.66,26492.97,28303.8,26939.81,32284.01,38444.63,41776.25,38478.21,"109Y11M"
67000,臺南市,67000090,六甲區,15615,12773,12870,12694,16502,16511,16427,16372,28661.62,26114.01,27823.05,27454.8,32029.46,37334.24,39515.59,31706.83,"109Y11M"
67000,臺南市,67000100,官田區,24512,28596,29018,29006,22935,23951,24002,23870,53241.12,51679.28,54820.01,44945.14,47171.2,55657.34,61607.23,53030.35,"109Y11M"
67000,臺南市,67000110,大內區,7436,6519,6706,6677,7339,8445,8573,8373,10872.8,10813.64,11018.28,9452.61,12483.45,16627.42,16550.5,11427.11,"109Y11M"
67000,臺南市,67000120,佳里區,48073,44317,44651,44339,49682,48956,49162,49283,82112.58,78008.48,80007.8,80368.59,76115.13,91917.2,91871.3,78652.09,"109Y11M"
67000,臺南市,67000130,學甲區,18238,17206,16917,17001,19313,19795,20137,19891,30532.59,29932.53,30316.17,26738.54,31182.35,38087.94,38225.8,28811.27,"109Y11M"
67000,臺南市,67000140,西港區,20172,20489,20632,20556,20692,20908,20626,20797,43740.01,37919.64,39469.32,38578.35,36373.95,41803.62,42505.79,35092.34,"109Y11M"
67000,臺南市,67000150,七股區,13635,13293,12956,13042,14017,15750,15862,15425,21569.23,21879.29,22584.34,17821.79,22506.61,35669.65,37525.72,22580.42,"109Y11M"
67000,臺南市,67000160,將軍區,11967,10732,10680,10772,12464,12942,13095,12977,16402.43,16028.11,16120.56,14163.66,17610.13,22986.59,23372.35,16176.9,"109Y11M"
67000,臺南市,67000170,北門區,8007,8485,8349,8379,8712,11205,10870,10576,12733.73,14748.94,14886.41,10154.39,15669.27,27173.56,27907.39,13811.82,"109Y11M"
67000,臺南市,67000180,新化區,37109,34837,34347,34344,37132,38443,36914,37518,82737.46,70921.22,74028.44,70959.82,76115.77,85298.09,85979.03,72317.32,"109Y11M"
67000,臺南市,67000190,善化區,67629,80119,79408,79957,64937,67566,65493,67334,137815.21,128287.05,129557.66,127785.79,113259.32,128350.94,127612.16,117743.32,"109Y11M"
67000,臺南市,67000200,新市區,66502,96960,96416,96842,63092,65676,64778,65432,185509.77,164114.07,167291.37,162709.59,132925.49,135160.59,140035.18,139998.53,"109Y11M"
67000,臺南市,67000210,安定區,31829,38956,38878,39074,30825,31413,31187,31632,79384.78,71301.94,74402.73,69271.87,59724.27,64505.93,68518.38,61597.63,"109Y11M"
67000,臺南市,67000220,山上區,5916,7593,7493,7510,6236,6965,6971,6891,10745.85,10694.34,10577.59,8382.02,9517.5,11339.56,11685.83,8069.93,"109Y11M"
67000,臺南市,67000230,玉井區,9536,9837,9761,9802,10262,11306,11628,11341,16070.01,16631.25,16962.24,13025.35,18099.47,26029.14,26006.94,16106.81,"109Y11M"
67000,臺南市,67000240,楠西區,6163,6102,6128,6065,6861,7823,8175,7757,8601.01,9474.12,9466.04,6847.69,10268.58,16116.44,15390.92,8640.27,"109Y11M"
67000,臺南市,67000250,南化區,4214,4354,4286,4290,4731,5995,5822,5813,6377.31,6745.15,6920.6,4855.41,9214.51,13452.98,12845.67,6734.48,"109Y11M"
67000,臺南市,67000260,左鎮區,2638,2501,2594,2512,2937,3752,3911,3705,4724.21,4578.42,4817.64,3711.04,5973.05,9575.35,9623.82,5024.15,"109Y11M"
67000,臺南市,67000270,仁德區,94357,109454,107678,108963,92051,93003,92603,92992,229097.33,225956.01,232553.37,211688.81,174036.13,212784.42,224624.94,204669.66,"109Y11M"
67000,臺南市,67000280,歸仁區,66030,65664,66096,65994,64078,63563,63295,63810,140746.05,131098.4,136931.09,134940.2,116980.61,134926.13,141775.74,131869.07,"109Y11M"
67000,臺南市,67000290,關廟區,29618,28036,27871,27924,30305,31068,30389,30829,61920.75,53472.98,56346.28,54999.95,61915.16,70165.99,75030.61,66034.67,"109Y11M"
67000,臺南市,67000300,龍崎區,1664,1916,1813,1837,1755,2651,2780,2519,4529.85,4621.23,5265.89,3660.11,7097.33,9303.53,11091.5,6804.42,"109Y11M"
67000,臺南市,67000310,永康區,280816,275527,271962,273869,274486,265738,257139,263650,636283.22,590206.79,598802.14,630218.01,508797.7,577598.77,572023.81,559259.52,"109Y11M"
67000,臺南市,67000320,東區,177707,161167,163570,161978,177038,172730,174324,173192,384099.63,413803.3,417839.04,447005.15,341258.83,460262.87,452589.03,428706.77,"109Y11M"
67000,臺南市,67000330,南區,110565,103789,101229,102349,111202,107665,103259,106093,248135.18,238962.51,243598.38,249512.49,215756.41,261542.62,269510.43,244445.52,"109Y11M"
67000,臺南市,67000340,北區,132392,115413,114756,114545,132863,127561,122345,125293,273339.15,275860.89,281327.39,300028.61,247269.16,316458.95,312263.06,308521.46,"109Y11M"
67000,臺南市,67000350,安南區,177012,166484,163859,165154,178012,171204,164888,169946,380166.17,337230.68,343067.18,351619.21,318584.81,356752.82,354753.87,320620.13,"109Y11M"
67000,臺南市,67000360,安平區,64930,60808,60142,60384,66256,65350,64038,64551,135908.27,147511.19,151178.65,146852.09,125285.14,184177.65,194204.77,161912.1,"109Y11M"
67000,臺南市,67000370,中西區,78975,92870,101485,97349,82160,88186,106295,93612,198963.95,278892.02,286834.84,280637.24,181232.74,353751.64,389737.46,341423.45,"109Y11M"
64000,高雄市,64000010,鹽埕區,21320,21222,20912,21051,21893,22075,22838,21926,51139.24,60706.39,62369.55,58962.59,49735.94,79101.49,97064.03,82965.68,"109Y11M"
64000,高雄市,64000020,鼓山區,133197,121867,120709,121339,133224,130200,127033,129743,240106.76,245742.62,257161.33,255241.68,216318.25,272061.1,287562.22,254416.41,"109Y11M"
64000,高雄市,64000030,左營區,189101,183697,190281,187038,188083,188652,201976,193214,403168.23,428914.49,444756.2,457172.29,341758.28,472008.83,487534.04,462328.02,"109Y11M"
64000,高雄市,64000040,楠梓區,187386,171808,169998,170692,185341,178423,171643,176877,407128.73,377443.81,379359.7,406053.87,348225.49,380366.17,374574.79,369780.09,"109Y11M"
64000,高雄市,64000050,三民區,315169,291645,287570,288857,311897,307107,294144,302573,675731.64,698208.77,705570.53,721266.38,583982.88,704894.45,685764.05,648365.38,"109Y11M"
64000,高雄市,64000060,新興區,53511,64063,68104,66014,54543,54705,58193,55770,132973.67,177585.18,184425.51,177445.64,111646.91,167791.25,178145.05,171191.18,"109Y11M"
64000,高雄市,64000070,前金區,32269,44519,47879,46296,33056,36817,41670,38389,84367.73,116748.31,119386.52,107229.27,70157.12,111590.09,118578.22,111766.33,"109Y11M"
64000,高雄市,64000080,苓雅區,150111,160641,160836,160381,150830,150753,149166,149401,357201.99,399207.32,410782.91,394230.93,301234.83,393095.74,401065.77,371640.46,"109Y11M"
64000,高雄市,64000090,前鎮區,173373,184341,189379,187131,174738,176819,198168,183597,397228.19,403097.07,419538.69,415898.31,325271.92,443302.73,467375.11,414920.8,"109Y11M"
64000,高雄市,64000100,旗津區,16331,14878,14785,14822,16649,16710,17060,16617,32688.62,35158.11,36645.22,30066.28,31256.3,48430.87,56351.01,38818.8,"109Y11M"
64000,高雄市,64000110,小港區,132172,147378,144897,146665,130848,131773,126510,130094,325544.1,294945.94,309615.2,276411.04,250322.45,265277.03,267271.12,239039.47,"109Y11M"
64000,高雄市,64000120,鳳山區,309643,245791,244284,244857,307589,291186,283322,289693,662473.25,580889.69,608687.66,686077.98,599362.2,691268.56,684910.42,663396.79,"109Y11M"
64000,高雄市,64000130,林園區,49572,45093,44477,44769,50407,49552,48622,49367,103415.11,89958.24,94376.14,95362.9,94900.28,103205.32,103716.54,95179.12,"109Y11M"
64000,高雄市,64000140,大寮區,117164,137597,135906,137400,116115,114837,112370,114528,311235.69,276650.05,298062.25,268313.82,227475.19,246202.51,256652.02,234104.55,"109Y11M"
64000,高雄市,64000150,大樹區,41802,45125,47154,46406,40592,43402,49332,44969,80069.58,82413.25,85521.9,72612.65,69446.55,91880.06,99731.01,77549.06,"109Y11M"
64000,高雄市,64000160,大社區,42449,42401,41029,41679,42145,42715,40692,41993,93637.24,86134.94,87333.21,87003.91,84252.16,90564.29,89136.24,81356.75,"109Y11M"
64000,高雄市,64000170,仁武區,100102,107032,104986,106313,100529,99051,95379,98257,249760.37,223307.19,240852,230020.4,191132.33,209976.68,222022.27,205715.63,"109Y11M"
64000,高雄市,64000180,鳥松區,55856,69528,67775,68488,55308,59861,57678,58854,133303.99,136426.71,139877.83,119341.66,102555.74,118735.99,118517.98,97777.45,"109Y11M"
64000,高雄市,64000190,岡山區,98634,112144,110865,111424,97509,96437,95434,96258,251642.51,242085.58,243996.44,239460.98,199022.24,231863.8,228571.9,224879.14,"109Y11M"
64000,高雄市,64000200,橋頭區,40164,35328,33993,34595,40611,39829,39629,39826,91810.53,78800.83,83965.64,85252.19,78210.53,91715.28,97867.92,86387.31,"109Y11M"
64000,高雄市,64000210,燕巢區,44153,61804,62709,62278,41171,44242,44416,44482,107886.69,121258.49,121901.77,92352.73,82326.46,100600.18,104761.82,92708.34,"109Y11M"
64000,高雄市,64000220,田寮區,4152,4188,4133,4147,4486,5938,6216,5792,11824.3,13236.28,14252.69,11066.8,16481.57,25442.92,28210,22442.16,"109Y11M"
64000,高雄市,64000230,阿蓮區,24453,21698,21501,21545,24826,25309,24902,25001,49807.17,45416.18,46406.46,46195.65,49912.21,57998.05,57148.14,50715.38,"109Y11M"
64000,高雄市,64000240,路竹區,51149,62835,61592,62356,50630,50620,50235,50692,138073.56,130624.42,133771.28,123723.16,103787.16,116641.96,120281.03,120908.72,"109Y11M"
64000,高雄市,64000250,湖內區,30824,25495,25458,25420,30967,29315,28750,29171,65822.89,57663.36,58663.52,60257.18,55010.33,60510.95,63598.21,58871.84,"109Y11M"
64000,高雄市,64000260,茄萣區,22673,19680,19326,19401,23384,23407,23630,23421,41299.93,35624.71,37027.96,38203.34,41132.92,47627.39,53305.27,43995.28,"109Y11M"
64000,高雄市,64000270,永安區,11197,14254,13957,14110,11085,11921,11740,11865,25681,23437.88,24071.9,19571.15,20011.7,22161.92,23108.07,18082.52,"109Y11M"
64000,高雄市,64000280,彌陀區,13399,10827,10794,10827,13777,13449,13382,13497,24016.86,19143.21,19675.69,21452.76,22823.02,23742.83,24585.53,21238.56,"109Y11M"
64000,高雄市,64000290,梓官區,29012,23070,23048,22998,29759,27912,27862,28109,62061.69,52207.52,54205.15,58439.88,57586.83,63508.21,68867.26,60062.45,"109Y11M"
64000,高雄市,64000300,旗山區,30530,30982,30320,30587,31190,30885,31742,31072,57869.06,59817.94,62392.69,52716.43,56550.65,79789.89,88470.27,65121.12,"109Y11M"
64000,高雄市,64000310,美濃區,23519,22067,21996,22017,26246,28267,29372,28484,36626.99,38018.5,38700.52,31393.5,42068.18,66547.74,65198.03,38662.52,"109Y11M"
64000,高雄市,64000320,六龜區,8807,8712,8678,8661,10852,11787,12318,11778,12947.9,13804.88,14588.01,10230.02,17187.65,24183.55,25463.54,14706.79,"109Y11M"
64000,高雄市,64000330,甲仙區,3295,3309,3359,3330,3591,4104,4366,4107,4434.86,5077.64,5152.68,3587.48,5533.79,9687.85,9489.01,4670.45,"109Y11M"
64000,高雄市,64000340,杉林區,6057,5391,5504,5448,6601,6915,7083,6976,8043.4,8009.39,8254.28,6617.11,9309.61,11520.3,11768.23,8159.03,"109Y11M"
64000,高雄市,64000350,內門區,9633,9357,9850,9517,9716,9659,10167,9875,14118.02,15195.95,15443.41,12244.37,14506.25,19389.82,20415.65,13792.49,"109Y11M"
64000,高雄市,64000360,茂林區,930,1039,1047,1039,1209,1730,1860,1709,1150.68,1558.02,1430.56,870.48,1684.46,3857.15,3282.77,1258.36,"109Y11M"
64000,高雄市,64000370,桃源區,2129,2479,2383,2422,2626,3587,3468,3520,3069.29,3520.33,3381.22,1963.46,4248.95,5697.69,5522.86,2577,"109Y11M"
64000,高雄市,64000380,那瑪夏區,1453,1612,1521,1561,1625,1885,1878,1865,1680.37,1843.85,1767.25,1217.28,2040.5,2472.63,2326.22,1421.36,"109Y11M"
10002,宜蘭縣,10002010,宜蘭市,96473,98784,100197,99481,99018,101500,103998,101965,188561.42,210577.17,213745.67,197307.47,176872.7,246628.38,239875.79,204162.71,"109Y11M"
10002,宜蘭縣,10002020,羅東鎮,65083,66138,67073,66553,68452,69656,69156,68973,132401.79,147596.3,149882.19,143229.34,129245.04,170501.94,163772.62,150590.63,"109Y11M"
10002,宜蘭縣,10002030,蘇澳鎮,36296,38586,38457,38469,37905,39443,39124,38860,65982.91,73613.05,76517.49,57178.41,68799.06,89225.68,90629.98,64730.55,"109Y11M"
10002,宜蘭縣,10002040,頭城鎮,23099,22444,22378,22323,25414,25904,25863,25313,50174.67,60300.82,65154.15,49013.46,60153.91,89217.86,97557.26,67700.68,"109Y11M"
10002,宜蘭縣,10002050,礁溪鄉,40592,38400,38525,38060,47454,46271,45734,44365,79592.28,89050.61,96091.65,81472.85,97463.81,128049.97,142388.25,113640.93,"109Y11M"
10002,宜蘭縣,10002060,壯圍鄉,19645,15227,15267,15184,20766,19604,19048,19177,34797.71,31167.29,33256.27,31326.43,37012.12,45720.74,47082.3,36698.16,"109Y11M"
10002,宜蘭縣,10002070,員山鄉,30487,25968,26119,26004,31834,30176,29390,29544,49033.22,46903.98,49186.8,42410.9,50340.23,62076.67,61725.96,45448.64,"109Y11M"
10002,宜蘭縣,10002080,冬山鄉,50045,44931,44348,44511,52986,50186,48706,49495,88165.88,83026.06,85136.39,75168.47,86546.21,99402.25,98727.33,78422.47,"109Y11M"
10002,宜蘭縣,10002090,五結鄉,48227,47711,47609,47523,50506,51949,51983,51534,81760.68,82681.73,85299.62,73996.11,80546.06,104520.92,104939.28,80242.92,"109Y11M"
10002,宜蘭縣,10002100,三星鄉,21033,19837,19370,19639,21310,19261,18670,18906,32305.85,33453.29,34753.4,25373.19,32687.31,41954.93,43216.37,28368.04,"109Y11M"
10002,宜蘭縣,10002110,大同鄉,5691,6710,7252,6937,7332,11325,12042,11396,9191.5,13632.38,15228.94,7172.94,15133.27,24011.78,26413.04,11269.34,"109Y11M"
10002,宜蘭縣,10002120,南澳鄉,4532,5065,4973,5020,5100,5690,5547,5591,8644.62,12591.94,13871.44,8636.24,12075.94,16608.16,18306.24,12519.61,"109Y11M"
10004,新竹縣,10004010,竹北市,227031,214369,215633,215030,226079,225193,221899,225857,398215.04,389820.78,391210.39,388452.77,343495.34,419885.4,415924.31,385877.12,"109Y11M"
10004,新竹縣,10004020,竹東鎮,100364,81123,79960,79977,101361,94863,91704,94086,163571.65,140943.05,144621.4,145685.12,161133.49,176856.28,180940.4,159398.03,"109Y11M"
10004,新竹縣,10004030,新埔鎮,35252,31740,31002,31251,35838,35973,35688,35539,62450.64,57266.94,58956.32,52833.12,58664.59,77620.41,78123.81,59126.2,"109Y11M"
10004,新竹縣,10004040,關西鎮,25604,25545,24059,24722,26056,29202,31444,29366,48967.56,52547.22,53403.04,44249.25,71006.85,89961.67,99995.45,78928.19,"109Y11M"
10004,新竹縣,10004050,湖口鄉,117065,137881,136365,136958,113412,114877,112521,113686,259290.58,247183.8,250891.35,222597.55,218171.07,227164.83,231978.04,225836.76,"109Y11M"
10004,新竹縣,10004060,新豐鄉,67050,61609,60688,61198,67019,66336,64418,65607,110994.39,101812.75,101535.46,101522.38,102342.12,112680.03,110097.79,96614.55,"109Y11M"
10004,新竹縣,10004070,芎林鄉,19716,16317,16002,16113,20138,19454,18830,19094,35046.97,29808.37,31913.01,29829.43,36568.85,42760.68,47795.95,38489.54,"109Y11M"
10004,新竹縣,10004080,橫山鄉,11230,9997,10078,9950,12224,13412,13888,13223,16891.9,18419.29,19092.83,14580.43,21877.85,40154.76,44115.23,22679.37,"109Y11M"
10004,新竹縣,10004090,北埔鄉,7040,5893,5972,5928,8022,8989,9436,8989,8098.85,10109.91,9670.38,6791.34,11497.7,26158.19,27504.3,10857.23,"109Y11M"
10004,新竹縣,10004100,寶山鄉,33049,75386,75225,75662,29931,35113,35581,35435,93124.29,105465.25,109826.67,88003.74,69211.56,73545.73,87605.95,80195.75,"109Y11M"
10004,新竹縣,10004110,峨眉鄉,3774,3483,3484,3487,4211,5387,5440,5277,4881.17,5898.66,5925.3,3829.14,6827.26,13158.83,13925.23,5808.42,"109Y11M"
10004,新竹縣,10004120,尖石鄉,5756,5981,6096,5955,9202,11846,12302,11548,7072.74,9078.52,9126.65,5945.78,14710.26,21779.68,21133.68,11663.41,"109Y11M"
10004,新竹縣,10004130,五峰鄉,3077,3182,3410,3240,5029,7046,6734,6597,4040.07,5302.81,5254.64,3211.18,8899.76,13807.59,12362.08,6201.47,"109Y11M"
10005,苗栗縣,10005010,苗栗市,86555,85857,85564,85707,86534,84014,82690,83899,154831.28,157587.36,161760.58,150846.24,141152.71,165997.23,166766.16,147933.88,"109Y11M"
10005,苗栗縣,10005020,苑裡鎮,38449,34354,34681,34481,39894,39643,39830,39941,61380.41,57017.67,59335.47,55473.33,64269.02,75325.18,78574.04,66425.63,"109Y11M"
10005,苗栗縣,10005030,通霄鎮,23771,21783,21857,21922,25448,27280,27497,26964,44523.38,44872.56,48071.09,40562.85,54060.71,71906.79,82161.8,60030.22,"109Y11M"
10005,苗栗縣,10005040,竹南鎮,101747,109524,108279,109049,100265,98104,94606,97190,206217.23,190452.15,194871.09,190860.05,183648.38,197978.37,211554.86,203689.46,"109Y11M"
10005,苗栗縣,10005050,頭份市,101710,81198,81905,81123,101685,95391,95872,95713,174809.81,156022.05,163690.65,173582.04,174148.24,201406.52,206830.64,192815.41,"109Y11M"
10005,苗栗縣,10005060,後龍鎮,30538,30113,29762,29898,30541,30175,30504,30030,62612.54,60632.56,64338.71,54306.52,62321.61,74969.85,85978.46,76432.07,"109Y11M"
10005,苗栗縣,10005070,卓蘭鎮,11458,11412,11491,11454,12615,13885,13816,13649,20673.35,20704.94,21295.85,16876.14,22464.96,29544.77,29326.68,19508.38,"109Y11M"
10005,苗栗縣,10005080,大湖鄉,9862,10473,10368,10383,11293,13167,12821,12817,15348.2,16448.2,16752.82,11989.12,18618.7,28815.9,27793.67,15593.32,"109Y11M"
10005,苗栗縣,10005090,公館鄉,26499,21282,21320,21262,28060,27786,27057,27380,40098.99,36548.51,38210.15,36927.69,46043.69,56968.79,56877.21,48991.87,"109Y11M"
10005,苗栗縣,10005100,銅鑼鄉,17627,21657,21457,21475,18388,20480,20053,19844,41316.91,46761.97,49371.65,39382.78,48962.94,68011.08,74153.31,58111.17,"109Y11M"
10005,苗栗縣,10005110,南庄鄉,6734,6543,6589,6490,9399,12168,11734,11670,9119.58,12517.16,12283.2,7619.13,16514.65,35509.22,33901.97,13863.39,"109Y11M"
10005,苗栗縣,10005120,頭屋鄉,7774,7016,7021,7049,8280,8829,8727,8645,16391.13,15761.16,17654.23,14974.68,19615.26,23586.91,28913.64,24059.17,"109Y11M"
10005,苗栗縣,10005130,三義鄉,14455,16420,16280,16228,15381,18442,17933,17636,31533.5,38739.11,40448.15,29210.41,41803.67,63998.3,69364.89,44831.66,"109Y11M"
10005,苗栗縣,10005140,西湖鄉,4277,4416,4362,4367,4474,5077,5084,5032,9160.39,9541.64,10891.21,8277.86,14126.09,14330.07,18240.97,14374.39,"109Y11M"
10005,苗栗縣,10005150,造橋鄉,12480,13323,12871,13057,12600,14109,13542,13821,28039.87,28169.67,30632.04,27151.94,32657.8,37405.34,46313.96,47026.18,"109Y11M"
10005,苗栗縣,10005160,三灣鄉,5137,4833,4739,4763,5661,6589,6288,6318,8536.33,9160.7,9730.97,6978.87,11236.57,18410.45,19115.65,9643.59,"109Y11M"
10005,苗栗縣,10005170,獅潭鄉,2709,2974,2970,2968,3449,4980,4807,4651,4615.22,6150.97,6189.04,3672.11,7518.94,16092.99,15700.29,6193.87,"109Y11M"
10005,苗栗縣,10005180,泰安鄉,3682,3952,3917,3893,5964,8330,7688,7749,4904.7,5784.03,5729.55,3814.26,9735.26,14480.24,12857.12,7410.31,"109Y11M"
10007,彰化縣,10007010,彰化市,214161,213783,213554,213419,213353,213275,210409,212870,485620.62,491612.23,495118.49,502452.32,432250.01,542050.15,544698.76,503726.06,"109Y11M"
10007,彰化縣,10007020,鹿港鎮,80583,88520,87984,88051,81125,84576,83820,84109,182654.58,181639.66,179563.31,168171.77,161426.2,214526.49,219923.06,167437.77,"109Y11M"
10007,彰化縣,10007030,和美鎮,83456,77159,77005,77081,84381,82104,81467,82751,164883.98,145448.27,149312.74,155618.88,149920.77,164556.71,167966.05,155830.67,"109Y11M"
10007,彰化縣,10007040,線西鄉,14662,18626,18280,18506,14527,15268,15035,15337,31770.31,31035.24,30591.63,25219.39,25256.56,27713.8,28542.51,22260.94,"109Y11M"
10007,彰化縣,10007050,伸港鄉,31027,30266,29974,30033,31428,30442,29963,30382,65476.06,56875.02,57321.02,56519.39,59011.43,61624.16,62166.15,54281.01,"109Y11M"
10007,彰化縣,10007060,福興鄉,38756,40254,40250,40370,39152,37370,37592,37797,80723.19,72362.01,74148.59,70016.58,66790.88,76689.65,80835.61,67431.23,"109Y11M"
10007,彰化縣,10007070,秀水鄉,32134,32497,32646,32709,32549,32126,31899,32241,64674.46,59136.89,62697.29,59204.78,57340.01,65900.58,68145.76,60689.08,"109Y11M"
10007,彰化縣,10007080,花壇鄉,42269,39314,39696,39612,43161,42919,43009,43370,86931.98,79001.85,82389.36,82980.1,78026.51,94437.89,99406.03,90094.01,"109Y11M"
10007,彰化縣,10007090,芬園鄉,16521,14027,14207,14155,17126,17115,17170,17221,28832.48,24914.41,27170.67,25645.98,29733.24,34047.97,37851.11,30031.83,"109Y11M"
10007,彰化縣,10007100,員林市,104870,101505,102558,101837,108214,110531,111651,110812,218695.63,222027.74,228707.05,235798.1,200867.27,270201.85,270038.48,244654.03,"109Y11M"
10007,彰化縣,10007110,溪湖鎮,44624,41118,41520,41305,45986,46005,45917,46013,94972,93335.3,96565.13,97108.59,91328.02,117355.63,126738.63,110689.77,"109Y11M"
10007,彰化縣,10007120,田中鎮,29351,30973,30246,30766,30952,31499,30957,31144,62035.8,55318.13,60726.66,54244.07,60149.42,66481.53,68300.64,59921.51,"109Y11M"
10007,彰化縣,10007130,大村鄉,40503,42163,42238,42255,39600,38972,39047,39326,75826.5,70478.03,71802.25,68066.84,62716.98,69552.04,71989.41,63715.3,"109Y11M"
10007,彰化縣,10007140,埔鹽鄉,23642,22194,22189,22130,24902,24922,24709,24948,44990.4,40488,41915.55,38889.46,41460.19,46814.89,48655.01,40311.65,"109Y11M"
10007,彰化縣,10007150,埔心鄉,30359,30553,30674,30672,31291,31715,31599,31790,63281.75,58483.08,61634.55,58284.7,53882.28,65694.52,68965.86,58455.47,"109Y11M"
10007,彰化縣,10007160,永靖鄉,26003,23001,22971,23007,27331,26752,26737,26953,49199,43762.78,45611.37,45867.94,46320.28,54539.19,55885.43,46999.68,"109Y11M"
10007,彰化縣,10007170,社頭鄉,30885,26173,26090,26154,32537,32107,31719,32136,55538.5,48391.1,50494.08,50470.6,56180.83,62489.07,64178.56,54758.06,"109Y11M"
10007,彰化縣,10007180,二水鄉,9776,8767,8666,8682,10683,11485,11448,11418,15721.96,14579.51,15348.15,13615,18486.02,21450.48,22638.05,16852.52,"109Y11M"
10007,彰化縣,10007190,北斗鎮,27294,28391,28159,28370,28270,28874,28674,28803,56545.83,57425.62,58085.53,56714.55,51638.13,66003.25,64087.86,57345.82,"109Y11M"
10007,彰化縣,10007200,二林鎮,36425,34787,34917,34838,37965,38900,38516,38699,70714.23,66636.55,68750.83,64949.46,67944.89,77128.37,75600.31,63847.67,"109Y11M"
10007,彰化縣,10007210,田尾鄉,21203,18157,18447,18230,22630,22397,23123,22774,37729.94,35738.31,38699.57,35340.13,38683.91,50136.63,58945.58,42495.93,"109Y11M"
10007,彰化縣,10007220,埤頭鄉,23338,22047,22180,22095,24427,24494,24307,24446,46963.79,44371.05,47625.36,43428.47,47469.68,53788.14,60988.34,50984.22,"109Y11M"
10007,彰化縣,10007230,芳苑鄉,25156,26731,26691,26616,26393,28296,28440,28022,45511.5,45434.06,46397.51,36402.04,43864.65,54889.17,57333.41,40370.15,"109Y11M"
10007,彰化縣,10007240,大城鄉,10510,10171,10242,10312,10846,11519,11596,11570,17370.15,16214.31,16655.39,14012.58,17313.07,20213.25,20964.48,15544.75,"109Y11M"
10007,彰化縣,10007250,竹塘鄉,9106,8069,8126,8050,9734,9943,10010,9842,15777.1,14503.11,15033.44,13287.26,16162.49,18334.67,19062.11,14649.77,"109Y11M"
10007,彰化縣,10007260,溪州鄉,21689,20355,20494,20352,22623,23270,23336,23116,41501.79,41357.37,44395.64,38176.16,43973.26,52248.49,58866.05,47677.22,"109Y11M"
10008,南投縣,10008010,南投市,90184,98575,97748,98193,90208,90290,88682,89482,187138.75,186881.78,190908.12,172625.16,166875.83,200985.1,209842.77,183621.87,"109Y11M"
10008,南投縣,10008020,埔里鎮,78911,77119,77472,77168,82353,81434,81710,80927,133699.07,150828.54,150399.35,133624.52,144792.43,202651.76,197166.78,156035.12,"109Y11M"
10008,南投縣,10008030,草屯鎮,90186,84953,85397,85092,92294,91839,91543,92037,173744.74,172537.53,178059.3,174086.94,166469.41,212762.37,218625.39,195336.97,"109Y11M"
10008,南投縣,10008040,竹山鎮,44375,43383,43704,43438,46618,48913,48883,48305,77768.85,87275.01,91459.8,71578.72,86197.28,125360.95,127366.69,88659.36,"109Y11M"
10008,南投縣,10008050,集集鎮,8323,8630,8650,8606,8224,8524,8707,8474,14963.7,16977.1,16887.11,12243.65,14747.57,25048.61,25857.01,14963.42,"109Y11M"
10008,南投縣,10008060,名間鄉,28162,25609,25868,25719,29790,30402,30760,30590,49405.31,48382.17,52475.5,43296.44,54586.03,70152.53,81512.64,63324.25,"109Y11M"
10008,南投縣,10008070,鹿谷鄉,12975,18022,15499,16330,16069,19908,18999,18597,22119.71,33991.94,30079.61,14272.34,28334.62,46102.65,43726.96,21348.1,"109Y11M"
10008,南投縣,10008080,中寮鄉,7987,7420,7378,7350,8881,10627,10711,10537,12139.73,11789.71,12628.44,9646.17,16044.43,21155.43,22778.08,15387.86,"109Y11M"
10008,南投縣,10008090,魚池鄉,14252,15429,15397,15227,18494,21662,22727,20810,22681,33112.06,33691.15,19629.85,33946.59,68401.59,73004.56,38028.85,"109Y11M"
10008,南投縣,10008100,國姓鄉,12030,11351,11441,11386,14585,17582,17241,17206,18600.28,20458.39,21495.02,16262.24,27684.06,40476.78,44838.6,28364.87,"109Y11M"
10008,南投縣,10008110,水里鄉,12356,12994,12927,12839,12759,13495,13572,13224,21444.69,25565.41,25255.74,17761.59,22431.12,36814.56,36744.34,21336.96,"109Y11M"
10008,南投縣,10008120,信義鄉,10411,11029,10779,10834,12267,14582,14389,14218,15014.36,16804.15,16363.37,10805.98,19741,26075.1,25078.21,14123.66,"109Y11M"
10008,南投縣,10008130,仁愛鄉,16582,18165,18171,17882,21855,28475,28249,26797,27684.98,36283.72,35339.06,21526.91,46880.66,69676.83,66480.84,37152.46,"109Y11M"
10009,雲林縣,10009010,斗六市,129778,140559,140995,140701,127676,127299,127534,127750,247980.98,262268.04,267874.75,251178.19,214677.12,272454.02,279195.14,249517.38,"109Y11M"
10009,雲林縣,10009020,斗南鎮,38831,37321,37234,37370,40015,39722,39145,39645,79659.83,79370.95,83358.27,79098.72,78376.52,95478.78,100556.97,90869.14,"109Y11M"
10009,雲林縣,10009030,虎尾鎮,75513,73583,73741,73641,73536,72134,72067,72273,153476.33,164907.54,169089.82,164114.48,137576.79,176586.14,180963.85,158171.82,"109Y11M"
10009,雲林縣,10009040,西螺鎮,36913,37857,38299,37899,38014,38742,38754,38541,77428.74,83779.24,87524.1,77355.04,81110.76,94758.55,102901.66,96416.64,"109Y11M"
10009,雲林縣,10009050,土庫鎮,19080,17728,17793,17834,19621,19533,19270,19442,38650.7,35759.18,37297.13,35062.65,36901,43501.72,44123.55,36030.27,"109Y11M"
10009,雲林縣,10009060,北港鎮,29483,29985,29783,29892,30353,30801,30138,30433,52827.07,57288.25,57586.3,50297.56,53033.13,72757.71,70317.17,56297.09,"109Y11M"
10009,雲林縣,10009070,古坑鄉,22912,22114,21794,21914,23981,26985,27437,26613,42476.74,45945.09,49994.84,37959,54148.31,77361.46,89654.84,56724.79,"109Y11M"
10009,雲林縣,10009080,大埤鄉,12830,11281,11373,11299,13267,12834,12841,12936,22706.14,21862.41,23426.18,20550.19,24396.7,27949.71,30180.86,25597.2,"109Y11M"
10009,雲林縣,10009090,莿桐鄉,22733,19663,19718,19680,23571,23229,22843,23234,42543.88,37418.42,39341.77,38440.62,41981.06,44910.28,46995.9,40285.02,"109Y11M"
10009,雲林縣,10009100,林內鄉,12165,11388,11156,11264,12734,12648,12409,12559,24874.31,23498.38,26729.07,22623.43,27341.22,33005.42,37917.41,30373.24,"109Y11M"
10009,雲林縣,10009110,二崙鄉,17441,15777,15615,15681,18086,17907,17507,17866,31174.79,28354.02,29428.51,26809.99,30615.56,31709.37,32841.06,27225.19,"109Y11M"
10009,雲林縣,10009120,崙背鄉,19631,16940,17403,17200,20174,20067,20149,20196,37205.81,32063.36,33794.78,32566.35,35774.04,40149.23,41293.9,31838.19,"109Y11M"
10009,雲林縣,10009130,麥寮鄉,41041,55678,54058,55120,37549,38441,37843,38542,108156.69,93232.34,98883.5,80113.12,67969.02,71350.19,72671.58,59546.63,"109Y11M"
10009,雲林縣,10009140,東勢鄉,9125,8258,8310,8292,9563,9584,9544,9584,14800.13,13589.61,14311.89,12952.26,15154.94,18008.15,18278.72,13751,"109Y11M"
10009,雲林縣,10009150,褒忠鄉,8772,8808,8731,8776,9171,9329,9061,9207,19564.63,18024.56,18892.06,17035.64,18984.24,22850.21,23357.11,17359.04,"109Y11M"
10009,雲林縣,10009160,臺西鄉,13845,11951,12264,12022,14706,14823,15174,14873,22800.3,21441.29,22284.99,19663.13,25172.49,32335.84,33070.55,25031.7,"109Y11M"
10009,雲林縣,10009170,元長鄉,15723,14653,14852,14747,16487,16456,16330,16420,30296.38,28503.2,29902.64,26086.26,30297.93,35475.24,37063.17,28559.22,"109Y11M"
10009,雲林縣,10009180,四湖鄉,12208,11753,11677,11743,12976,13367,13136,13174,18912.96,18572.86,18976.61,15524.1,20807.09,26565.89,26067.76,18058.64,"109Y11M"
10009,雲林縣,10009190,口湖鄉,14030,13128,13351,13208,14934,15580,15746,15477,21575.32,22274.67,22922.14,18787.48,24503.09,31723.79,33076.08,22623.88,"109Y11M"
10009,雲林縣,10009200,水林鄉,13238,11975,12189,12077,13868,13668,13900,13775,18368.24,18106.27,18608.89,15914.28,18989.91,22082.52,22274.91,17301.48,"109Y11M"
10010,嘉義縣,10010010,太保市,38110,38942,38587,38858,39244,38864,38123,38394,73610.37,73125.58,76033.64,66885.87,69919.88,82525.25,88775.14,73051.16,"109Y11M"
10010,嘉義縣,10010020,朴子市,38836,41493,41657,41343,39468,40667,40285,40439,64522.98,68939.39,68929.75,59184.59,59550.42,73009.51,71524.06,61162.27,"109Y11M"
10010,嘉義縣,10010030,布袋鎮,14488,13586,13687,13569,15735,16682,16800,16399,22193.47,24217.42,24733.41,19079.4,25703.18,38377.96,40615.95,24600.67,"109Y11M"
10010,嘉義縣,10010040,大林鎮,36020,40120,40086,40188,33494,33118,33098,33159,65942.86,70678.01,71582.1,59942.35,59215.93,68092.53,72230.98,62073.55,"109Y11M"
10010,嘉義縣,10010050,民雄鄉,85278,88037,86861,87730,84076,83149,81774,82990,152774.09,158171.18,162159.99,145458.49,136210.94,168725,177423.9,150938.76,"109Y11M"
10010,嘉義縣,10010060,溪口鄉,9580,8326,8360,8321,9988,9856,9830,9779,15115.46,14543.79,15372.47,13913.61,16341.98,18498.12,19529.61,16499.65,"109Y11M"
10010,嘉義縣,10010070,新港鄉,23844,24804,24310,24500,24925,25532,25399,25478,44232.13,43207.07,45294.72,36704.98,43064.31,50922.21,52717.41,39396.27,"109Y11M"
10010,嘉義縣,10010080,六腳鄉,14456,12740,12723,12764,15387,15349,15756,15474,21816.88,20601.21,21494.35,18672.76,23164.97,28059.49,29563.15,21725.68,"109Y11M"
10010,嘉義縣,10010090,東石鄉,13970,13589,13956,13754,15210,16270,16931,16305,22042.02,24778.93,25660.19,19410.11,25595.1,42507.49,43474.49,25880.43,"109Y11M"
10010,嘉義縣,10010100,義竹鄉,12960,12945,12860,12872,13595,14077,14116,14059,19468.67,18900.36,19535.41,15528.25,19655.62,22197.91,22409.09,16586.41,"109Y11M"
10010,嘉義縣,10010110,鹿草鄉,8739,9341,9318,9329,9217,9543,9582,9509,15518.06,16078.49,17021.49,13639.89,15822,19258.35,21109.44,16427.26,"109Y11M"
10010,嘉義縣,10010120,水上鄉,47081,42072,41945,42051,48022,46367,45842,46461,82140.52,76893.12,82212.27,73379.18,81134.81,93079.14,101304.66,86213.68,"109Y11M"
10010,嘉義縣,10010130,中埔鄉,37868,32114,32149,32165,39660,38599,38801,38688,53006.7,50157.98,52510.2,47414.29,59751.7,74399.37,76652.2,60238.27,"109Y11M"
10010,嘉義縣,10010140,竹崎鄉,26388,23900,24101,23951,28572,29639,29829,29379,33812.74,34125.92,35250.47,27872.1,38738.3,52281.71,52640.5,33808.98,"109Y11M"
10010,嘉義縣,10010150,梅山鄉,14676,14429,14335,14230,16392,18507,18671,17867,20660.02,23644.83,23083.98,16704.42,26009.28,42627.8,40461.83,22866.51,"109Y11M"
10010,嘉義縣,10010160,番路鄉,9796,9888,9971,9885,11637,13805,14254,13262,15572.59,18394.09,20285.83,13010.68,23882.48,38215.02,44080.38,21862.35,"109Y11M"
10010,嘉義縣,10010170,大埔鄉,1831,2058,2129,2092,2083,2550,2606,2533,2381.35,3142.23,3222.14,1813.57,3055.16,5889.2,5595.84,2342.25,"109Y11M"
10010,嘉義縣,10010180,阿里山鄉,6594,6917,6983,6842,8514,11981,11707,11043,9704.39,13983.83,13094.29,7104.86,16113.14,32191.42,28818.7,11925.76,"109Y11M"
10013,屏東縣,10013010,屏東市,184073,187795,189072,188171,184400,184521,184690,184995,393193.73,414674.08,423734.62,422535.34,339150.66,439074.56,437667.04,410462.65,"109Y11M"
10013,屏東縣,10013020,潮州鎮,46420,42370,42794,42442,47508,46892,46815,46942,91969.93,94172.26,97666.51,98004.97,87195.68,112561.91,115925.31,101295.4,"109Y11M"
10013,屏東縣,10013030,東港鎮,37331,37832,38394,38059,39229,39290,39505,39082,77089.9,85759.97,88243.14,81238.87,73103.03,101191.68,103842.71,92241.75,"109Y11M"
10013,屏東縣,10013040,恆春鎮,34586,33750,33253,33514,38266,37417,36080,35766,62436.19,70532.61,71528.43,60721.85,70588.64,102108.13,101623.31,80873.95,"109Y11M"
10013,屏東縣,10013050,萬丹鄉,40743,34058,34673,34240,42103,41144,40765,41013,86121.47,73829.58,80402.59,83260.78,77805.33,88051.38,92291.22,83654.98,"109Y11M"
10013,屏東縣,10013060,長治鄉,31228,29054,29040,29110,31789,31314,30772,31312,59399.94,53341.09,56865.96,53543.79,53204.93,59688.67,62088.27,53086.88,"109Y11M"
10013,屏東縣,10013070,麟洛鄉,9330,8782,8608,8702,9665,10284,10048,10205,19074.57,18027.96,19639.52,17679.75,17589.7,21144.13,22143.88,18061.19,"109Y11M"
10013,屏東縣,10013080,九如鄉,17914,15960,16053,15902,18591,18306,18127,18184,39833.99,35711.99,39328.77,37613.5,37519.94,42889.47,46667.97,42459.92,"109Y11M"
10013,屏東縣,10013090,里港鄉,19581,19307,19220,19144,20571,21484,21304,21356,42745.01,41556.72,42804.63,37626.9,41060.64,50103.52,51556.98,42485.08,"109Y11M"
10013,屏東縣,10013100,鹽埔鄉,23304,22495,22459,22514,23452,23655,23996,23949,42600.24,39470.36,41911.91,36734.68,37886.68,41266.44,43554.04,35829.41,"109Y11M"
10013,屏東縣,10013110,高樹鄉,16245,15760,15714,15625,17391,18405,18556,18315,29373.18,28356.36,30047.96,24006.1,30238.03,35869.57,36924.61,26333.19,"109Y11M"
10013,屏東縣,10013120,萬巒鄉,16607,15294,15452,15344,16390,16629,16836,16721,26963.32,25716.57,26622.16,23679.13,25992.56,33963.78,34547.5,25306.19,"109Y11M"
10013,屏東縣,10013130,內埔鄉,60923,61096,60955,61204,61114,61552,62208,61797,108359.91,111669.07,114169.91,102378.63,95765.07,118521.74,121806.48,100784.29,"109Y11M"
10013,屏東縣,10013140,竹田鄉,13077,12004,12024,11994,13694,13836,13854,13810,29887.19,26852.21,30037.55,27824.14,28003.72,34202.84,37745.36,32032.43,"109Y11M"
10013,屏東縣,10013150,新埤鄉,7974,7620,7757,7675,8465,8777,8811,8795,16346.84,15720.81,16981.71,13268.3,15907.8,19267.3,20997.19,15491.9,"109Y11M"
10013,屏東縣,10013160,枋寮鄉,19311,21181,21151,21076,19714,20237,20345,20126,40041.78,44409.06,45561.08,37538.43,39623.27,51448.13,55289.41,45794.52,"109Y11M"
10013,屏東縣,10013170,新園鄉,27957,23963,24300,23992,29274,28551,28610,28716,49970.36,44570.67,48046.97,46604.36,47462.27,54271.92,57346.2,49305.98,"109Y11M"
10013,屏東縣,10013180,崁頂鄉,8193,7452,7560,7547,8516,8476,8622,8503,15802.61,14289,15422.78,14206.86,14574.39,17301.05,18444.78,15293.46,"109Y11M"
10013,屏東縣,10013190,林邊鄉,9401,7982,8018,7861,9749,9593,9625,9492,15461.26,15089.12,15825.76,15135.81,16035.28,19158.05,20327.25,17232.82,"109Y11M"
10013,屏東縣,10013200,南州鄉,7676,6925,6799,6865,7973,8224,8193,8166,17555.42,16759.85,18192.46,16315.72,17718.41,21971.14,24506,19630.8,"109Y11M"
10013,屏東縣,10013210,佳冬鄉,12671,12466,12296,12379,13398,13638,13747,13587,25039.64,25489.02,27748.22,21480.67,24421.41,29309.45,31662.62,25166.82,"109Y11M"
10013,屏東縣,10013220,琉球鄉,7828,7554,7629,7597,9391,9511,9786,9310,10204.31,13878.32,12934.07,9392.26,15363.47,25885.55,23215.77,14666.09,"109Y11M"
10013,屏東縣,10013230,車城鄉,6322,6407,6432,6328,6935,7605,8628,7504,12433.3,17151.34,17659.5,12193.79,13955.11,30519.29,32794.69,19541.33,"109Y11M"
10013,屏東縣,10013240,滿州鄉,4866,4098,4094,4212,4957,4813,4792,4914,6178.32,5712.78,5969.71,4854.54,6504.07,8251.31,8088.11,5378.06,"109Y11M"
10013,屏東縣,10013250,枋山鄉,4309,4432,4422,4391,4211,4409,4529,4313,11105.38,17570.18,18166.23,11997.47,14688.3,29270.77,33802.81,21828.34,"109Y11M"
10013,屏東縣,10013260,三地門鄉,4208,4114,4083,4114,4719,5455,5581,5403,6294.03,6924.01,7153.44,5057.96,7176.45,12259.25,12221.35,6965.85,"109Y11M"
10013,屏東縣,10013270,霧臺鄉,501,645,633,635,578,957,982,941,623.38,944.53,888.04,457.58,906.89,2077.21,1896.73,690.3,"109Y11M"
10013,屏東縣,10013280,瑪家鄉,2438,2243,2322,2322,2737,3468,3308,3248,3202.95,3362.74,3393.17,2550.75,3856.62,6677.44,6366.09,3420.66,"109Y11M"
10013,屏東縣,10013290,泰武鄉,2287,1989,2040,2009,2709,2957,3099,3001,2867.66,2825.02,2909.18,2346.72,3825.84,5192.84,5213.22,3157.02,"109Y11M"
10013,屏東縣,10013300,來義鄉,3373,3201,3270,3225,3610,3819,3811,3780,4766.18,4610.43,4737.82,3752.15,5003.78,5915.12,6063.33,4151.99,"109Y11M"
10013,屏東縣,10013310,春日鄉,2488,2278,2323,2278,2762,2976,2871,2923,4514.1,4584.1,4852.93,3930.02,5345.45,6542.14,6943.91,5061.42,"109Y11M"
10013,屏東縣,10013320,獅子鄉,2838,3255,3111,3155,3378,4052,3852,3829,6333.03,10684.16,11079.08,6765.01,9378.25,17721.1,20497.59,12610.26,"109Y11M"
10013,屏東縣,10013330,牡丹鄉,3387,3324,3291,3380,3245,3320,3353,3371,3660.97,4125.73,4193.01,2840.38,3681.04,5239.05,5833.08,3101.54,"109Y11M"
10014,臺東縣,10014010,臺東市,111730,110684,110409,110320,113607,111807,110415,110758,178862.57,194299.39,196993.52,176926.97,176713.44,212768.03,211633.46,184815.52,"109Y11M"
10014,臺東縣,10014020,成功鎮,8209,8215,8297,8212,8619,8845,8891,8784,11160.62,14857.79,14781.02,9410.56,12061.54,19453.46,18756.31,10629.46,"109Y11M"
10014,臺東縣,10014030,關山鎮,6590,6993,6947,6983,6945,6967,6908,6898,9171.87,10961.5,11056.03,7900.94,9547.29,12660.18,12468.37,8526.28,"109Y11M"
10014,臺東縣,10014040,卑南鄉,16481,15281,15297,15273,17638,16688,16601,16346,25949.05,26698.68,27562.77,22185.86,27408.07,32686.96,33710.48,25690.34,"109Y11M"
10014,臺東縣,10014050,鹿野鄉,5720,5572,5683,5580,6297,6232,6293,6197,9244.27,11242.81,11430.41,7871.16,10613.27,14747.63,14981.38,9548.38,"109Y11M"
10014,臺東縣,10014060,池上鄉,6569,6454,6502,6398,7247,7299,7364,7183,9713.85,12737.83,13008.97,8617.66,11191.06,16317.02,17104.05,10162.5,"109Y11M"
10014,臺東縣,10014070,東河鄉,5726,5897,5843,5887,6100,6405,6478,6353,7962.45,9962.88,10386.14,6643.14,8881.58,13752.25,13807.41,7868.28,"109Y11M"
10014,臺東縣,10014080,長濱鄉,3975,4036,4053,4041,4233,4276,4311,4293,4899.63,7074.34,7333.21,4185.28,5958.49,8893.28,9324.55,4903.3,"109Y11M"
10014,臺東縣,10014090,太麻里鄉,8218,8501,8372,8397,8624,9367,9388,9220,12805.45,19269.96,19473.98,12563.74,14625.64,27009.6,27748.62,16114.34,"109Y11M"
10014,臺東縣,10014100,大武鄉,3056,3169,3139,3163,3196,3350,3308,3297,5045.78,7777.69,7816.53,5072.13,6106.7,10703.49,11343.31,6996.16,"109Y11M"
10014,臺東縣,10014110,綠島鄉,4303,4233,4288,4277,3919,3802,3937,3882,2873.99,3252.85,3192.11,2404.32,3295.88,3797.92,3665.65,2720.35,"109Y11M"
10014,臺東縣,10014120,海端鄉,2047,1942,1954,1958,2160,2349,2336,2318,2292.61,2379.59,2322.17,1702.9,2620.28,2982.48,2895.43,1964.99,"109Y11M"
10014,臺東縣,10014130,延平鄉,1912,1958,1961,1979,1993,2311,2089,2132,2512.47,3199.87,2902.52,1968.02,2833.34,4561.89,3545.9,2280.86,"109Y11M"
10014,臺東縣,10014140,金峰鄉,1597,1475,1491,1468,1808,1895,1868,1895,1965.33,2224.49,2177.04,1588.43,2496.28,3099.81,2975.23,2008.3,"109Y11M"
10014,臺東縣,10014150,達仁鄉,1994,1993,2067,2035,2123,2285,2249,2268,2970.48,4733.64,4873.05,3086.54,4013.21,6732.18,7456.42,4535.63,"109Y11M"
10014,臺東縣,10014160,蘭嶼鄉,3961,3791,3762,4033,3405,3411,3345,3511,2103.49,2181.87,2152.9,1631.86,2204.41,2324.19,2329.67,1694.03,"109Y11M"
10015,花蓮縣,10015010,花蓮市,111406,122253,122652,122074,115642,116485,117211,115574,209532.77,236082.34,238423.82,221785.33,197806.27,250350.96,244553.27,230928.98,"109Y11M"
10015,花蓮縣,10015020,鳳林鎮,8426,8676,8502,8498,8950,8976,9025,8824,13426.73,16440.56,16674.65,11233.07,13869.52,20425.86,20613.94,13587.01,"109Y11M"
10015,花蓮縣,10015030,玉里鎮,18418,18680,18568,18640,18625,18480,18500,18387,26635.07,29793.09,30410.09,23065.03,25956.03,31350.1,31955.52,24280.48,"109Y11M"
10015,花蓮縣,10015040,新城鄉,24747,24747,24550,24630,24599,24531,24169,24346,42311.51,47710.44,47970.66,37614.28,41224.4,56801.11,55226.47,38097.66,"109Y11M"
10015,花蓮縣,10015050,吉安鄉,88054,71777,71470,71447,90679,82503,81715,82289,136641.2,128228.26,133008.63,126646.45,138000.99,148507.96,154352.73,132381.72,"109Y11M"
10015,花蓮縣,10015060,壽豐鄉,25630,26568,26690,26606,26997,28306,28639,28145,39246.08,48079.78,48467.44,35899.07,41237.07,60052.85,60335.56,40150.73,"109Y11M"
10015,花蓮縣,10015070,光復鄉,8367,8410,8527,8461,8850,9140,9153,9064,13697.85,16385.2,16850.65,11356.92,14307.67,20245.02,20217.67,13400.22,"109Y11M"
10015,花蓮縣,10015080,豐濱鄉,2814,2977,2982,2961,2905,3241,3277,3207,3649.26,7224.87,8158.67,3502.75,4928.2,10514.53,11459.07,4576.6,"109Y11M"
10015,花蓮縣,10015090,瑞穗鄉,9190,8941,9100,8945,9839,10048,10150,9987,14333.57,17358.42,17804.13,12834.45,15792.38,21315.37,21742.32,15552.93,"109Y11M"
10015,花蓮縣,10015100,富里鄉,6196,6232,6264,6215,6608,6734,6859,6725,9154.63,11185.94,11852.45,7839.52,9786.66,13544.79,14400.34,9199.57,"109Y11M"
10015,花蓮縣,10015110,秀林鄉,13005,14885,15090,14843,13859,18171,17691,17156,22846.22,36303.87,36184.02,20257.64,30359.59,50755.48,50527.22,26560.35,"109Y11M"
10015,花蓮縣,10015120,萬榮鄉,1651,1549,1548,1551,1808,1909,1898,1846,2057.29,1979.37,2062.5,1599.85,2358.1,2547.77,2593.55,1903.86,"109Y11M"
10015,花蓮縣,10015130,卓溪鄉,2745,2546,2619,2541,2894,3049,3049,3016,3161.69,3517.9,3669.41,2607.2,3400.19,4213.44,4378.72,3032.68,"109Y11M"
10016,澎湖縣,10016010,馬公市,49763,48927,49392,49128,50227,49251,49791,49250,83957.77,91106.73,92671.08,82398.56,77456.78,91034.32,89488.37,78524.2,"109Y11M"
10016,澎湖縣,10016020,湖西鄉,9795,9359,9429,9623,9605,9592,9624,9741,14320.45,14265.48,14772.76,12014.59,13312.7,14869.1,15225.08,11726.56,"109Y11M"
10016,澎湖縣,10016030,白沙鄉,3835,3491,3596,3595,3913,3897,3885,3893,4884.31,5171.92,5269.55,3980.58,4822.85,6128.58,5939.71,4057.72,"109Y11M"
10016,澎湖縣,10016040,西嶼鄉,3252,3005,3068,3053,3272,3223,3235,3185,4394.52,5251.88,5218.26,3572.19,4652.95,6135.3,6030.1,3595.98,"109Y11M"
10016,澎湖縣,10016050,望安鄉,1835,1740,1752,1769,1216,1185,1180,1196,1146.89,1268.58,1268.18,895.73,1003.22,1120.67,1126.66,814.37,"109Y11M"
10016,澎湖縣,10016060,七美鄉,2068,1723,1843,1980,1776,1656,1709,1778,1598.57,1723.6,1656.7,1305.47,1523.91,1714.41,1672.74,1278.43,"109Y11M"
10017,基隆市,10017010,中正區,54134,52005,51290,51669,54414,54369,54843,54207,91101.55,96170.51,97134.89,86208.56,82550.82,112066.6,113976.11,88764.48,"109Y11M"
10017,基隆市,10017020,七堵區,56104,48233,46926,47464,56202,53746,51809,53290,125681.05,94789.72,98222.61,104277.58,99216.01,113033.21,116723.34,105173.75,"109Y11M"
10017,基隆市,10017030,暖暖區,35297,25534,24654,24994,36300,34087,32500,33690,58530.04,43642.85,45532.94,49309.26,55513.5,59961.25,61766.47,54080.79,"109Y11M"
10017,基隆市,10017040,仁愛區,33694,31974,34879,33091,34605,35108,38330,35980,77266.9,94754.01,98408.75,103492.71,69349.36,114085.87,121690.18,111424.36,"109Y11M"
10017,基隆市,10017050,中山區,41269,34193,32750,33381,41233,40179,39004,39854,71050.84,61246,61286.73,60064.28,63842.09,71917.65,71066.88,60882.49,"109Y11M"
10017,基隆市,10017060,安樂區,82099,62445,59225,60714,83616,78478,74001,77373,130843.19,104046.03,103909.85,109188.08,122626.84,136866.56,132954.41,113239.98,"109Y11M"
10017,基隆市,10017070,信義區,53224,43518,41668,42422,54234,52536,50379,51870,83089.93,73922.31,73921.62,73634.23,77218.06,88656.8,84947.09,73564.02,"109Y11M"
10018,新竹市,10018010,東區,308608,369928,377445,374143,297685,310079,329342,316100,604051.78,657105.03,651126.76,608995.97,466055.48,634632.84,647499.56,557136.05,"109Y11M"
10018,新竹市,10018020,北區,150170,120704,118922,119171,152068,146393,143872,145621,242644.24,227203.55,231204.31,244984.18,230890.68,284053.71,287488.35,255588.9,"109Y11M"
10018,新竹市,10018030,香山區,90823,79836,78815,79102,90625,87262,84676,86431,150591.72,129483.27,134927.47,131967.11,137191.25,149644.48,161913.41,143192.8,"109Y11M"
10020,嘉義市,10020010,東區,117321,124303,122848,123976,117859,116698,113382,115092,225197.52,239615.93,245012.65,225507.12,197021.04,255401.5,257149.43,225957.31,"109Y11M"
10020,嘉義市,10020020,西區,140209,132013,134448,133084,144279,138856,138053,138793,252401.77,273624.38,282889.83,287659.78,245627.89,313428.08,321310.62,308923.17,"109Y11M"
09020,金門縣,09020010,金城鎮,28733,29458,29494,29406,29249,28731,29131,28718,38198.82,41576.23,41164.96,35049.38,37983.76,43143.34,42654.83,35716.79,"109Y11M"
09020,金門縣,09020020,金沙鎮,12972,11472,11415,11515,13229,12591,12311,12438,14137.68,13679.89,13749.99,11080.9,15182.21,15457.37,15262.19,11618.12,"109Y11M"
09020,金門縣,09020030,金湖鎮,25459,26831,26914,26901,25522,25941,25899,25786,32754.02,34292.13,35732.14,26673.87,31365.14,34645.96,35700.89,27049.44,"109Y11M"
09020,金門縣,09020040,金寧鄉,27600,25413,25512,25424,28005,26771,26735,26762,31643.44,31848.13,31775.4,26878.52,31828,33536.99,33729.3,26967.36,"109Y11M"
09020,金門縣,09020050,烈嶼鄉,3366,3221,3206,3231,3447,3227,3284,3279,3776.55,4425.14,4144.29,2974.16,3916.72,5026.33,4671.12,3188.47,"109Y11M"
09020,金門縣,09020060,烏坵鄉,0,0,0,0,0,0,0,0,0,0,0,0,0,0,0,0,"109Y11M"
09007,連江縣,09007010,南竿鄉,7040,6853,6839,6834,7246,6784,6945,6825,7588.81,7801.12,7821.19,5932.6,7791.09,7943.34,8015.98,6079.16,"109Y11M"
09007,連江縣,09007020,北竿鄉,2056,1700,1722,1718,2202,1769,1796,1746,1955.72,2085.21,2061.54,1565.71,2016.06,2266.35,2254.97,1680.78,"109Y11M"
09007,連江縣,09007030,莒光鄉,1128,1038,1069,1052,1113,990,1062,1032,993.21,1051.25,1058.46,864.78,979.91,1032.73,1056.97,897.53,"109Y11M"
09007,連江縣,09007040,東引鄉,2287,2151,2216,2158,2259,2166,2254,2220,2213.03,2214.72,2171.47,1708.31,2196.96,2228.56,2230.7,1732.31,"109Y11M"
